<?xml version="1.0" encoding="UTF-8" standalone="yes"?>
<ServiceCallout async="false" continueOnError="false" enabled="true" xmlns="http://www.sap.com/apimgmt">
    <Request clearPayload="true">
        <Set>
            <Payload contentType="application/x-www-form-urlencoded">{sapapim.tokenRequest}</Payload>
            <Verb>POST</Verb>
        </Set>
        <IgnoreUnresolvedVariables>false</IgnoreUnresolvedVariables>
    </Request>
    <Response>sapapim.tokenResponse</Response>
    <Timeout>30000</Timeout>
    <HTTPTargetConnection>
	<!-- set value entity 'AssertionConsumerService'(url with oauth/token/alias) from the downloaded UAA SAML tenant metadata-->
        <URL>OAuth Token Generation end point</URL>
    </HTTPTargetConnection>
</ServiceCallout>
