<?xml version="1.0" encoding="UTF-8" standalone="yes"?>
<PolicyTemplateContainer>
    <name>Concur_Connectivity</name>
    <version>1</version>
    <description>As Concur APIs are protected by OAuth, each time you access the API you need to provide an OAuth token. This policy template facilitates easy access by generating the OAuth token, thereby reducing your effort.
	
	How to use: 
	1) Copy the policy template to your APIPortal 
	2) Open the API and apply copied Concur policy template
	3) Enter the OAuth token generation url in the getOAuthtoken policy
	4) Enter the values for 'sapapim.clientId', 'sapapim.secret', sapapim.user and 'sapapim.pass' in the config.js file
    
	
    For more information on SAP API Management policy templates and Concur please refer:
	* Policy Templates:	
		https://help.sap.com/viewer/66d066d903c2473f81ec33acfe2ccdb4/Cloud/en-US/2ceab71343704de0bfce2145f97c85b1.html 
    * Concur Developer Forum:
		https://forum.developer.concur.com/
	</description>
    <proxyEndPointxml>&lt;preFlow&gt;&lt;name&gt;PreFlow&lt;/name&gt;&lt;request&gt;&lt;isRequest&gt;true&lt;/isRequest&gt;&lt;steps&gt;&lt;/steps&gt;&lt;/request&gt;&lt;response&gt;&lt;isRequest&gt;false&lt;/isRequest&gt;&lt;steps&gt;&lt;/steps&gt;&lt;/response&gt;&lt;/preFlow&gt;&lt;postFlow&gt;&lt;name&gt;PostFlow&lt;/name&gt;&lt;request&gt;&lt;isRequest&gt;true&lt;/isRequest&gt;&lt;steps&gt;&lt;/steps&gt;&lt;/request&gt;&lt;response&gt;&lt;isRequest&gt;false&lt;/isRequest&gt;&lt;steps&gt;&lt;/steps&gt;&lt;/response&gt;&lt;/postFlow&gt;</proxyEndPointxml>
    <life_cycle>
        <changed_by>I035984</changed_by>
        <created_by>I035984</created_by>
    </life_cycle>
    <targetEndPointxml>&lt;preFlow&gt;&lt;name&gt;PreFlow&lt;/name&gt;&lt;request&gt;&lt;isRequest&gt;true&lt;/isRequest&gt;&lt;steps&gt;&lt;step&gt;&lt;policy_name&gt;getoauthtoken&lt;/policy_name&gt;&lt;condition&gt;lookupcache.readcachedtoken.cachehit = false&lt;/condition&gt;&lt;sequence&gt;3&lt;/sequence&gt;&lt;/step&gt;&lt;step&gt;&lt;policy_name&gt;readaccesstoken&lt;/policy_name&gt;&lt;condition&gt;lookupcache.readcachedtoken.cachehit = false&lt;/condition&gt;&lt;sequence&gt;5&lt;/sequence&gt;&lt;/step&gt;&lt;step&gt;&lt;policy_name&gt;getcredentials&lt;/policy_name&gt;&lt;condition&gt;lookupcache.readcachedtoken.cachehit = false&lt;/condition&gt;&lt;sequence&gt;2&lt;/sequence&gt;&lt;/step&gt;&lt;step&gt;&lt;policy_name&gt;readcachedtoken&lt;/policy_name&gt;&lt;condition&gt; &lt;/condition&gt;&lt;sequence&gt;1&lt;/sequence&gt;&lt;/step&gt;&lt;step&gt;&lt;policy_name&gt;cacheaccesstoken&lt;/policy_name&gt;&lt;condition&gt;lookupcache.readcachedtoken.cachehit = false&lt;/condition&gt;&lt;sequence&gt;6&lt;/sequence&gt;&lt;/step&gt;&lt;step&gt;&lt;policy_name&gt;raisetokenerror&lt;/policy_name&gt;&lt;condition&gt;lookupcache.readcachedtoken.cachehit = false and sapapim.tokenresponse.status.code != 200&lt;/condition&gt;&lt;sequence&gt;4&lt;/sequence&gt;&lt;/step&gt;&lt;/steps&gt;&lt;/request&gt;&lt;response&gt;&lt;isRequest&gt;false&lt;/isRequest&gt;&lt;steps&gt;&lt;/steps&gt;&lt;/response&gt;&lt;/preFlow&gt;&lt;postFlow&gt;&lt;name&gt;PostFlow&lt;/name&gt;&lt;request&gt;&lt;isRequest&gt;true&lt;/isRequest&gt;&lt;steps&gt;&lt;step&gt;&lt;policy_name&gt;setAccessToken&lt;/policy_name&gt;&lt;condition&gt; &lt;/condition&gt;&lt;sequence&gt;1&lt;/sequence&gt;&lt;/step&gt;&lt;/steps&gt;&lt;/request&gt;&lt;response&gt;&lt;isRequest&gt;false&lt;/isRequest&gt;&lt;steps&gt;&lt;/steps&gt;&lt;/response&gt;&lt;/postFlow&gt;</targetEndPointxml>
    <policies>
        <policy type="LookupCache">readcachedtoken</policy>
        <policy type="ExtractVariable">readaccesstoken</policy>
        <policy type="ServiceCallout">getoauthtoken</policy>
        <policy type="RaiseFault">raisetokenerror</policy>
        <policy type="AssignMessage">setAccessToken</policy>
        <policy type="PopulateCache">cacheaccesstoken</policy>
        <policy type="Javascript">getcredentials</policy>
    </policies>
    <fileResources>
        <fileResource type="js">config</fileResource>
    </fileResources>
</PolicyTemplateContainer>
