{
	"welcomeFile": "/index.html",
	"routes": [{
		"path": "/resources",
		"target": {
			"type": "service",
			"name": "sapui5",
			"entryPath": "/resources"
		},
		"description": "SAPUI5 Resources"
	}, {
		"path": "/test-resources",
		"target": {
			"type": "service",
			"name": "sapui5",
			"entryPath": "/test-resources"
		},
		"description": "SAPUI5 Test Resources"
	}, {
		"path": "/destinations/API_Managment_EndPoint",
		"target": {
			"type": "destination",
			"name": "apimgmtdevportal"
		},
		"description": "API_Managment_EndPoint"
	}],
	"sendWelcomeFileRedirect": true,
	"cacheControl": [{
		"directive": "public",
		"maxAge": 0
	}]
}