{
    "resources": [
        {
            "name": "view/View1.view.xml"
        },
        {
            "name": "view/View2.view.xml"
        },
        {
            "name": "controller/View1.controller.js"
        },
        {
            "name": "controller/View2.controller.js"
        },
        {
            "name": "i18n/i18n.properties",
            "raw": "i18n/i18n.properties"
        },
        {
            "name": "model/models.js"
        },
        {
            "name": "Component.js"
        },
        {
            "name": "css/style.css"
        },
        {
            "name": "manifest.json"
        },
        {
            "name": "index.html"
        },
        {
            "name": "cp.app.descriptor.json"
        },
        {
            "name": "Component-preload.js",
            "merged": true
        },
        {
            "name": "neo-app.json"
        }
    ]
}