<?xml version="1.0" encoding="UTF-8" standalone="yes"?>
<PolicyTemplateContainer>
    <name>SAP Cloud Foundry SAML2OAuth Flow</name>
    <version>1</version>
    <description>Microservices hosted on the Cloud Foundry and protected by the XS-UAA service requires an OAuth token each time you access the API. This policy template helps to generate OAuth token using SAML assertion.
	
	How to use: 
	1) Copy the policy template to your APIPortal 
	2) We assume that all prerequisite required to use API Management in Cloud Foundry is performed, else refer the blog mentioned below
	3) Now open the API corresponding to the Cloud Foundry application and apply copied 'CloudFoundrySAML2OAuthFlow' policy template
	4) In the samlHelper.js file,enter values for the following:
	   * sapapim.issuer 	: Value of identity Provided Name on SAP Cloud Foundry Account
	   * sapapim.audience	: Service Provider name of the SAP Cloud Foundry tenant UAA, value of 'entityID' from downloaded UAA SAML tenant metadata
	   * sapapim.recipient	: Value of entity 'AssertionConsumerService'(url with oauth/token/alias..) from the downloaded UAA SAML tenant metadata
	   * sapapim.username  : User name used to login to microservice.
	   * sapapim.storename : Certificate Key store name created in the API Management certificate tab
	   * sapapim.keyname 	: Certificate Key name created in the API Management certificate tab
	   * sapapim.clientId	: Value is in the XSUAA binding to your cloud foundry application
	   * sapapim.secret	: Value is in the XSUAA binding to your cloud foundry application   
	5) In the policy getOAuthToken enter 'HTTPTargetConnection URL', value is same as of 'sapapim.recipient'	
    6) Now test the API, this should give desired result
 
	For more information on SAP API Management policy template and API Management in Cloud Foundry  please refer: 
	 * Policy Templates:	 
		https://help.sap.com/viewer/66d066d903c2473f81ec33acfe2ccdb4/Cloud/en-US/2ceab71343704de0bfce2145f97c85b1.html
	 * API Management Service in SAP Cloud Foundry: 
		https://help.sap.com/viewer/66d066d903c2473f81ec33acfe2ccdb4/Cloud/en-US/b22df927b1374ff88d062f4dc1d84952.html
	 * Blog on SAP API Management Cloud Foundry:
		https://blogs.sap.com/2017/11/13/manage-your-apis-developed-in-cloud-foundry-using-api-management/
	 *Developing APIs/Microservices in Cloud Foundry and Managing through API Management : 
		https://blogs.sap.com/2018/01/03/developing-apismicroservices-in-cloud-foundry-and-managing-through-api-management/</description>
    <proxyEndPointxml>&lt;preFlow&gt;&lt;name&gt;PreFlow&lt;/name&gt;&lt;request&gt;&lt;isRequest&gt;true&lt;/isRequest&gt;&lt;steps&gt;&lt;step&gt;&lt;policy_name&gt;raiseUnAuthorizedError&lt;/policy_name&gt;&lt;condition&gt;request.header.authorization = null or request.header.authorization = ""&lt;/condition&gt;&lt;sequence&gt;1&lt;/sequence&gt;&lt;/step&gt;&lt;step&gt;&lt;policy_name&gt;readUserCredential&lt;/policy_name&gt;&lt;condition&gt; sapapim.saml = null or sapapim.saml = ""&lt;/condition&gt;&lt;sequence&gt;2&lt;/sequence&gt;&lt;/step&gt;&lt;step&gt;&lt;policy_name&gt;validateUserCredentials&lt;/policy_name&gt;&lt;condition&gt; sapapim.saml = null or sapapim.saml = ""&lt;/condition&gt;&lt;sequence&gt;3&lt;/sequence&gt;&lt;/step&gt;&lt;step&gt;&lt;policy_name&gt;raiseInvalidCredentialError&lt;/policy_name&gt;&lt;condition&gt;(sapapim.saml = null or sapapim.saml = "") and sapapim.sci.loginresponse.status.code != 200&lt;/condition&gt;&lt;sequence&gt;4&lt;/sequence&gt;&lt;/step&gt;&lt;/steps&gt;&lt;/request&gt;&lt;response&gt;&lt;isRequest&gt;false&lt;/isRequest&gt;&lt;steps&gt;&lt;/steps&gt;&lt;/response&gt;&lt;/preFlow&gt;&lt;postFlow&gt;&lt;name&gt;PostFlow&lt;/name&gt;&lt;request&gt;&lt;isRequest&gt;true&lt;/isRequest&gt;&lt;steps&gt;&lt;/steps&gt;&lt;/request&gt;&lt;response&gt;&lt;isRequest&gt;false&lt;/isRequest&gt;&lt;steps&gt;&lt;/steps&gt;&lt;/response&gt;&lt;/postFlow&gt;</proxyEndPointxml>
    <targetEndPointxml>&lt;preFlow&gt;&lt;name&gt;PreFlow&lt;/name&gt;&lt;request&gt;&lt;isRequest&gt;true&lt;/isRequest&gt;&lt;steps&gt;&lt;step&gt;&lt;policy_name&gt;setSAMLAssertionValues&lt;/policy_name&gt;&lt;condition&gt; &lt;/condition&gt;&lt;sequence&gt;1&lt;/sequence&gt;&lt;/step&gt;&lt;step&gt;&lt;policy_name&gt;generatesamlassertion&lt;/policy_name&gt;&lt;condition&gt; &lt;/condition&gt;&lt;sequence&gt;2&lt;/sequence&gt;&lt;/step&gt;&lt;step&gt;&lt;policy_name&gt;removeXmlRootTagFromAssertion&lt;/policy_name&gt;&lt;condition&gt; &lt;/condition&gt;&lt;sequence&gt;3&lt;/sequence&gt;&lt;/step&gt;&lt;step&gt;&lt;policy_name&gt;encodeSAMLResponse&lt;/policy_name&gt;&lt;condition&gt; &lt;/condition&gt;&lt;sequence&gt;4&lt;/sequence&gt;&lt;/step&gt;&lt;step&gt;&lt;policy_name&gt;getOAuthToken&lt;/policy_name&gt;&lt;condition&gt;&lt;/condition&gt;&lt;sequence&gt;6&lt;/sequence&gt;&lt;/step&gt;&lt;step&gt;&lt;policy_name&gt;raiseTokenError&lt;/policy_name&gt;&lt;condition&gt;sapapim.tokenResponse.status.code != 200&lt;/condition&gt;&lt;sequence&gt;7&lt;/sequence&gt;&lt;/step&gt;&lt;step&gt;&lt;policy_name&gt;readAccessToken&lt;/policy_name&gt;&lt;condition&gt;&lt;/condition&gt;&lt;sequence&gt;8&lt;/sequence&gt;&lt;/step&gt;&lt;step&gt;&lt;policy_name&gt;setAccessToken&lt;/policy_name&gt;&lt;condition&gt;&lt;/condition&gt;&lt;sequence&gt;9&lt;/sequence&gt;&lt;/step&gt;&lt;step&gt;&lt;policy_name&gt;createOAuthRequest&lt;/policy_name&gt;&lt;condition&gt;&lt;/condition&gt;&lt;sequence&gt;5&lt;/sequence&gt;&lt;/step&gt;&lt;/steps&gt;&lt;/request&gt;&lt;response&gt;&lt;isRequest&gt;false&lt;/isRequest&gt;&lt;steps&gt;&lt;/steps&gt;&lt;/response&gt;&lt;/preFlow&gt;&lt;postFlow&gt;&lt;name&gt;PostFlow&lt;/name&gt;&lt;request&gt;&lt;isRequest&gt;true&lt;/isRequest&gt;&lt;steps&gt;&lt;/steps&gt;&lt;/request&gt;&lt;response&gt;&lt;isRequest&gt;false&lt;/isRequest&gt;&lt;steps&gt;&lt;/steps&gt;&lt;/response&gt;&lt;/postFlow&gt;</targetEndPointxml>
    <policies>
        <policy type="RaiseFault">raiseTokenError</policy>
        <policy type="PythonScript">encodeSAMLResponse</policy>
        <policy type="ExtractVariable">readAccessToken</policy>
        <policy type="GenerateSAMLAssertion">generatesamlassertion</policy>
        <policy type="Javascript">createOAuthRequest</policy>
        <policy type="ServiceCallout">getOAuthToken</policy>
        <policy type="Javascript">setSAMLAssertionValues</policy>
        <policy type="Javascript">removeXmlRootTagFromAssertion</policy>
        <policy type="AssignMessage">setAccessToken</policy>
    </policies>
    <fileResources>
        <fileResource type="js">xmlTagRemover</fileResource>
        <fileResource type="py">base64encode</fileResource>
        <fileResource type="js">formRequest</fileResource>
        <fileResource type="js">samlHelper</fileResource>
        <fileResource type="py">base64</fileResource>
    </fileResources>
</PolicyTemplateContainer>
