<?xml version="1.0" encoding="UTF-8" standalone="yes"?>
<ServiceCallout async="false" continueOnError="false" enabled="true" xmlns="http://www.sap.com/apimgmt">
    <Request clearPayload="true">
        <Set>
            <Headers>
                <Header name="Authorization">{sapapim.authorization}</Header>
            </Headers>
            <Payload contentType="application/x-www-form-urlencoded">grant_type=client_credentials</Payload>
            <Verb>POST</Verb>
        </Set>
        <IgnoreUnresolvedVariables>false</IgnoreUnresolvedVariables>
    </Request>
    <Response>sapapim.tokenresponse</Response>
    <Timeout>30000</Timeout>
    <HTTPTargetConnection>
	<!-- this url is in the XSUAA binding to your cloud foundry application -->
        <URL>https://Token end point url/oauth/token</URL>
    </HTTPTargetConnection>
</ServiceCallout>
