{
	"_version": "1.0",
	"identification": {
		"id": "menu.json",
		"entityType": "menu",
		"i18n": "i18n/menu.properties"
	},
	"payload": {
		"locked": "false",
		"tags": [],
		"entities": [{
			"title": "Home",
			"target": {
				"semanticObject": "Home",
				"action": "Display"
			},
			"entityType": "PAGE"
		},
		{
			"title": "About",
			"target": {
				"semanticObject": "About",
				"action": "Display"
			},
			"entityType": "PAGE"
		},
		{
			"title": "Catalog",
			"target": {
				"semanticObject": "ProductsSocial",
				"action": "Display"
			},
			"entityType": "PAGE"
		},
		{
			"title": "My Subscriptions",
			"target": {
				"semanticObject": "SubscriptionsNoJam",
				"action": "Display"
			},
			"entityType": "PAGE"
		},		
		{
			"title": "New Subscription",
			"target": {
				"semanticObject": "Create_App",
				"action": "Display"
			},
			"entityType": "PAGE"
		}]
	}
}