<?xml version="1.0" encoding="UTF-8" standalone="yes"?>
<PolicyTemplateContainer>
    <name>SuccessFactors_OAuth2SAMLAssertion</name>
    <version>1</version>
    <description>As SAP SuccessFactors APIs are protected by OAuth, each time you access the API you need to provide an OAuth token. This policy template facilitates easy access by generating the OAuth token, thereby reducing your effort.	
	
	How to use: 
	1) Copy the policy template to your APIPortal 
	2) Open the API and apply copied SuccessFactors_OAuth2SAMLAssertion policy template
	3) Enter values for 'sapapim.sf.user_id', 'sapapim.sf.client_id', 'sapapim.sf.company_id', 'sapapim.sf.token_url' and 'sapapim.sf.private_key' in the config.js file 
    4) Enter SuccessFactors OAuth token generation url in the getOAuthAccessToken policy
	5) Enter SuccessFactors OAuth idp url in the getSAMLAssertion policy
	
	For more information on API Management policy templates and SuccessFactors OAuth please refer :
	SuccessFactors OAuth: 
	https://blogs.sap.com/2017/03/05/how-to-initiate-an-oauth-connection-to-successfactors-employee-central/
    Policy Templates:	
	https://help.sap.com/viewer/66d066d903c2473f81ec33acfe2ccdb4/Cloud/en-US/2ceab71343704de0bfce2145f97c85b1.html 
	
	</description>
    <proxyEndPointxml>&lt;preFlow&gt;&lt;name&gt;PreFlow&lt;/name&gt;&lt;request&gt;&lt;isRequest&gt;true&lt;/isRequest&gt;&lt;steps&gt;&lt;/steps&gt;&lt;/request&gt;&lt;response&gt;&lt;isRequest&gt;false&lt;/isRequest&gt;&lt;steps&gt;&lt;/steps&gt;&lt;/response&gt;&lt;/preFlow&gt;&lt;postFlow&gt;&lt;name&gt;PostFlow&lt;/name&gt;&lt;request&gt;&lt;isRequest&gt;true&lt;/isRequest&gt;&lt;steps&gt;&lt;/steps&gt;&lt;/request&gt;&lt;response&gt;&lt;isRequest&gt;false&lt;/isRequest&gt;&lt;steps&gt;&lt;/steps&gt;&lt;/response&gt;&lt;/postFlow&gt;</proxyEndPointxml>
    <targetEndPointxml>&lt;preFlow&gt;&lt;name&gt;PreFlow&lt;/name&gt;&lt;request&gt;&lt;isRequest&gt;true&lt;/isRequest&gt;&lt;steps&gt;&lt;step&gt;&lt;policy_name&gt;setConfig&lt;/policy_name&gt;&lt;condition&gt;&lt;/condition&gt;&lt;sequence&gt;1&lt;/sequence&gt;&lt;/step&gt;&lt;step&gt;&lt;policy_name&gt;getSAMLAssertion&lt;/policy_name&gt;&lt;condition&gt;lookupcache.readcachetoken.cachehit = false&lt;/condition&gt;&lt;sequence&gt;3&lt;/sequence&gt;&lt;/step&gt;&lt;step&gt;&lt;policy_name&gt;raiseSAMLResponseError&lt;/policy_name&gt;&lt;condition&gt;lookupcache.readcachetoken.cachehit = false and sapapim.samlresponse.status.code != 200&lt;/condition&gt;&lt;sequence&gt;4&lt;/sequence&gt;&lt;/step&gt;&lt;step&gt;&lt;policy_name&gt;getOAuthAccessToken&lt;/policy_name&gt;&lt;condition&gt;lookupcache.readcachetoken.cachehit = false&lt;/condition&gt;&lt;sequence&gt;5&lt;/sequence&gt;&lt;/step&gt;&lt;step&gt;&lt;policy_name&gt;raisetokenerror&lt;/policy_name&gt;&lt;condition&gt;lookupcache.readcachetoken.cachehit = false and sapapim.tokenresponse.status.code != 200&lt;/condition&gt;&lt;sequence&gt;6&lt;/sequence&gt;&lt;/step&gt;&lt;step&gt;&lt;policy_name&gt;readaccesstoken&lt;/policy_name&gt;&lt;condition&gt;lookupcache.readcachetoken.cachehit = false&lt;/condition&gt;&lt;sequence&gt;7&lt;/sequence&gt;&lt;/step&gt;&lt;step&gt;&lt;policy_name&gt;readcachetoken&lt;/policy_name&gt;&lt;condition&gt;&lt;/condition&gt;&lt;sequence&gt;2&lt;/sequence&gt;&lt;/step&gt;&lt;step&gt;&lt;policy_name&gt;cacheaccesstoken&lt;/policy_name&gt;&lt;condition&gt;lookupcache.readcachetoken.cachehit = false&lt;/condition&gt;&lt;sequence&gt;8&lt;/sequence&gt;&lt;/step&gt;&lt;/steps&gt;&lt;/request&gt;&lt;response&gt;&lt;isRequest&gt;false&lt;/isRequest&gt;&lt;steps&gt;&lt;/steps&gt;&lt;/response&gt;&lt;/preFlow&gt;&lt;postFlow&gt;&lt;name&gt;PostFlow&lt;/name&gt;&lt;request&gt;&lt;isRequest&gt;true&lt;/isRequest&gt;&lt;steps&gt;&lt;step&gt;&lt;policy_name&gt;setAccessToken&lt;/policy_name&gt;&lt;condition&gt;&lt;/condition&gt;&lt;sequence&gt;1&lt;/sequence&gt;&lt;/step&gt;&lt;/steps&gt;&lt;/request&gt;&lt;response&gt;&lt;isRequest&gt;false&lt;/isRequest&gt;&lt;steps&gt;&lt;/steps&gt;&lt;/response&gt;&lt;/postFlow&gt;</targetEndPointxml>
    <policies>
        <policy type="Javascript">setConfig</policy>
        <policy type="RaiseFault">raiseSAMLResponseError</policy>
        <policy type="AssignMessage">setAccessToken</policy>
        <policy type="PopulateCache">cacheaccesstoken</policy>
        <policy type="RaiseFault">raisetokenerror</policy>
        <policy type="LookupCache">readcachetoken</policy>
        <policy type="ExtractVariable">readaccesstoken</policy>
        <policy type="ServiceCallout">getOAuthAccessToken</policy>
        <policy type="ServiceCallout">getSAMLAssertion</policy>
    </policies>
    <fileResources>
        <fileResource type="js">config</fileResource>
    </fileResources>
</PolicyTemplateContainer>
