<?xml version="1.0" encoding="UTF-8" standalone="yes"?>
<ServiceCallout async="false" continueOnError="false" enabled="true" xmlns="http://www.sap.com/apimgmt">
    <Request clearPayload="true">
        <Set>
            <Payload contentType="application/x-www-form-urlencoded">client_id={sapapim.sf.client_id}&amp;user_id={sapapim.sf.user_id}&amp;company_id={sapapim.sf.company_id}&amp;assertion={sapapim.samlresponse.content}&amp;grant_type=urn:ietf:params:oauth:grant-type:saml2-bearer</Payload>
            <Verb>POST</Verb>
        </Set>
        <IgnoreUnresolvedVariables>false</IgnoreUnresolvedVariables>
    </Request>
    <Response>sapapim.tokenresponse</Response>
    <Timeout>30000</Timeout>
    <HTTPTargetConnection>
        <URL>https://YOUR_SUCCESSFACTORS_DATACENTER/oauth/token</URL>
    </HTTPTargetConnection>
</ServiceCallout>