<?xml version="1.0" encoding="UTF-8" standalone="yes"?>
<AssignMessage async="false" continueOnError="false" enabled="true" xmlns="http://www.sap.com/apimgmt">
    <Remove>
        <Headers>
            <Header name="Authorization"></Header>
        </Headers>
    </Remove>
    <Set>
        <Headers>
            <Header name="Authorization">Bearer {sapapim.sf.accessToken}</Header>
        </Headers>
    </Set>
    <IgnoreUnresolvedVariables>false</IgnoreUnresolvedVariables>
    <AssignTo createNew="false" type="request">request</AssignTo>
</AssignMessage>