<?xml version="1.0" encoding="UTF-8" standalone="yes"?>
<PolicyTemplateContainer>
    <name>Principal_Propagation_via_SAML</name>
    <version>1</version>
	<title>Principal Propagation via SAML</title>
    <description>This policy template helps in user propagation from App to API Management and then to Backend system
	
	How to use: 
	1) Copy the policy template to your APIPortal 
	2) Open the API( which connects to an On-prem SAP backend API) and apply copied UserPropagationViaSAML template
	3) Modify the script files as described here: 
	   Keyinfo.js : PROVIDE SAML ROOT Certificate details from the SAP Cloud Platform account
	   SAMLHelper.js : update the following parameters
		   sapapim.issuer -- Identity Provider Name given to the SAP API Gateway(default value: apimgmt.api.gateway )
		   sapapim.audience -- SAML service provider name of the SAML 2.0 configuration on the SAP Backend(default value: GatewayS)
		   sapapim.recipient -- API Proxy target Url including the API Provider host and port 
		   sapapim.username -- In the initial flow, this is the value of the user( which is already mapped to the backend ). In the current flow this value is the variable 'saml.subject' which is provided by SAML assertion as per the value recieved by fiori app(default value : context.getVariable("saml.subject"))
		   sapapim.storename -- Store name set in the API Management when uploading the certificate
		   sapapim.keyname -- Key name set in the API Management when uploading the certificate
	4) To use this policy template, we assume all necessary configurations are completed. This includes configurations in SAP API Management APIPortal, in the SAP Back-end system, and if back-end system is On-prem then Cloud connector configuration etc.
	For more information please go through blogs : 
	Single sign on from Fiori Application to SAP Gateway via SAP Cloud Platform API Management
	Part-1: https://blogs.sap.com/2018/01/19/part-1-single-sign-on-from-fiori-application-to-sap-gateway-via-sap-cloud-platform-api-management/
	Part-2: https://blogs.sap.com/2018/01/19/part-2-single-sign-on-from-fiori-application-to-sap-gateway-via-sap-cloud-platform-api-management/
	Also please refer : 
	Apply Policy Template: https://help.hana.ondemand.com/apim_od/frameset.htm?2ceab71343704de0bfce2145f97c85b1.html
	SAML: https://en.wikipedia.org/wiki/Security_Assertion_Markup_Language</description>
    <proxyEndPointxml>&lt;preFlow&gt;&lt;name&gt;PreFlow&lt;/name&gt;&lt;request&gt;&lt;isRequest&gt;true&lt;/isRequest&gt;&lt;steps&gt;&lt;step&gt;&lt;policy_name&gt;raiseUnAuthorizedError&lt;/policy_name&gt;&lt;condition&gt;request.header.authorization = null or request.header.authorization = ""&lt;/condition&gt;&lt;sequence&gt;1&lt;/sequence&gt;&lt;/step&gt;&lt;step&gt;&lt;policy_name&gt;readSAMLAssertion&lt;/policy_name&gt;&lt;condition&gt; &lt;/condition&gt;&lt;sequence&gt;2&lt;/sequence&gt;&lt;/step&gt;&lt;step&gt;&lt;policy_name&gt;decodeAssertion&lt;/policy_name&gt;&lt;condition&gt;  sapapim.saml != null and sapapim.saml != ""&lt;/condition&gt;&lt;sequence&gt;3&lt;/sequence&gt;&lt;/step&gt;&lt;step&gt;&lt;policy_name&gt;setKeyInfo&lt;/policy_name&gt;&lt;condition&gt; sapapim.saml != null and sapapim.saml != ""&lt;/condition&gt;&lt;sequence&gt;4&lt;/sequence&gt;&lt;/step&gt;&lt;step&gt;&lt;policy_name&gt;setSAMLMessage&lt;/policy_name&gt;&lt;condition&gt; sapapim.saml != null and sapapim.saml != ""&lt;/condition&gt;&lt;sequence&gt;5&lt;/sequence&gt;&lt;/step&gt;&lt;step&gt;&lt;policy_name&gt;validateSAMLAssertion&lt;/policy_name&gt;&lt;condition&gt; sapapim.saml != null and sapapim.saml != ""&lt;/condition&gt;&lt;sequence&gt;6&lt;/sequence&gt;&lt;/step&gt;&lt;step&gt;&lt;policy_name&gt;setOriginalRequest&lt;/policy_name&gt;&lt;condition&gt; sapapim.saml != null and sapapim.saml != ""&lt;/condition&gt;&lt;sequence&gt;7&lt;/sequence&gt;&lt;/step&gt;&lt;/steps&gt;&lt;/request&gt;&lt;response&gt;&lt;isRequest&gt;false&lt;/isRequest&gt;&lt;steps&gt;&lt;/steps&gt;&lt;/response&gt;&lt;/preFlow&gt;&lt;postFlow&gt;&lt;name&gt;PostFlow&lt;/name&gt;&lt;request&gt;&lt;isRequest&gt;true&lt;/isRequest&gt;&lt;steps&gt;&lt;/steps&gt;&lt;/request&gt;&lt;response&gt;&lt;isRequest&gt;false&lt;/isRequest&gt;&lt;steps&gt;&lt;/steps&gt;&lt;/response&gt;&lt;/postFlow&gt;</proxyEndPointxml>
    <life_cycle>
        <changed_by>I035984</changed_by>
        <created_by>I035984</created_by>
    </life_cycle>
    <targetEndPointxml>&lt;preFlow&gt;&lt;name&gt;PreFlow&lt;/name&gt;&lt;request&gt;&lt;isRequest&gt;true&lt;/isRequest&gt;&lt;steps&gt;&lt;step&gt;&lt;policy_name&gt;setEncodedSAMLResponse&lt;/policy_name&gt;&lt;condition&gt; &lt;/condition&gt;&lt;sequence&gt;6&lt;/sequence&gt;&lt;/step&gt;&lt;step&gt;&lt;policy_name&gt;setSAMLAssertionValues&lt;/policy_name&gt;&lt;condition&gt; &lt;/condition&gt;&lt;sequence&gt;1&lt;/sequence&gt;&lt;/step&gt;&lt;step&gt;&lt;policy_name&gt;encodeSAMLResponse&lt;/policy_name&gt;&lt;condition&gt; &lt;/condition&gt;&lt;sequence&gt;5&lt;/sequence&gt;&lt;/step&gt;&lt;step&gt;&lt;policy_name&gt;generatesamlassertion&lt;/policy_name&gt;&lt;condition&gt; &lt;/condition&gt;&lt;sequence&gt;2&lt;/sequence&gt;&lt;/step&gt;&lt;step&gt;&lt;policy_name&gt;removeXmlRootTagFromAssertion&lt;/policy_name&gt;&lt;condition&gt; &lt;/condition&gt;&lt;sequence&gt;3&lt;/sequence&gt;&lt;/step&gt;&lt;step&gt;&lt;policy_name&gt;generatesamlresponse&lt;/policy_name&gt;&lt;condition&gt; &lt;/condition&gt;&lt;sequence&gt;4&lt;/sequence&gt;&lt;/step&gt;&lt;/steps&gt;&lt;/request&gt;&lt;response&gt;&lt;isRequest&gt;false&lt;/isRequest&gt;&lt;steps&gt;&lt;/steps&gt;&lt;/response&gt;&lt;/preFlow&gt;&lt;postFlow&gt;&lt;name&gt;PostFlow&lt;/name&gt;&lt;request&gt;&lt;isRequest&gt;true&lt;/isRequest&gt;&lt;steps&gt;&lt;/steps&gt;&lt;/request&gt;&lt;response&gt;&lt;isRequest&gt;false&lt;/isRequest&gt;&lt;steps&gt;&lt;/steps&gt;&lt;/response&gt;&lt;/postFlow&gt;</targetEndPointxml>
    <policies>
        <policy type="AssignMessage">setSAMLMessage</policy>
        <policy type="Javascript">removeXmlRootTagFromAssertion</policy>
        <policy type="Javascript">setKeyInfo</policy>
        <policy type="GenerateSAMLAssertion">generatesamlassertion</policy>
        <policy type="Javascript">setSAMLAssertionValues</policy>
        <policy type="AssignMessage">setOriginalRequest</policy>
        <policy type="AssignMessage">setEncodedSAMLResponse</policy>
        <policy type="AssignMessage">generatesamlresponse</policy>
        <policy type="ValidateSAMLAssertion">validateSAMLAssertion</policy>
        <policy type="PythonScript">encodeSAMLResponse</policy>
        <policy type="PythonScript">decodeAssertion</policy>
        <policy type="RaiseFault">raiseUnAuthorizedError</policy>
        <policy type="RaiseFault">defaultRaiseFaultPolicy</policy>
        <policy type="ExtractVariable">readSAMLAssertion</policy>
    </policies>
    <fileResources>
        <fileResource type="js">keyinfo</fileResource>
        <fileResource type="py">base64encode</fileResource>
        <fileResource type="js">xmlTagRemover</fileResource>
        <fileResource type="py">base64</fileResource>
        <fileResource type="js">samlHelper</fileResource>
    </fileResources>
</PolicyTemplateContainer>
