<?xml version="1.0" encoding="UTF-8" standalone="yes"?>
<PolicyTemplateContainer>
    <name>SAP-Cloud-Foundry-XSUAA-JWTToken</name>
	<version>1</version>
	<title>SAP Cloud Foundry XSUAA JWTToken</title>
    <description>
	Microservices hosted on the Cloud Foundry and protected by the XS-UAA service requires an OAuth token each time you access the API. This policy template helps to manage microservice via SAP Cloud Platform API Management and facilitates easy access by generating the token, thereby reducing your effort.
	
	How to use: 
	1) Copy the policy template to your APIPortal 
	2) We assume that all prerequisite required to use SAP Cloud Platform API Management in Cloud Foundry is performed, else refer the blog mentioned below
	3) Now open the API corresponding to the Cloud Foundry microservice and apply copied 'CloudFoundryXSUAAJWTToken' policy template
	3) Enter the OAuth token generation url in the getOAuthtoken policy, this url is in the XSUAA binding to your cloud foundry application.
	4) Enter the values for 'sapapim.clientId' and 'sapapim.secret' in the Config.js file, check XSUAA binding to your cloud foundry application.
    5) Now test the API in the API Management test  console.
 
	For more information on SAP API Management policy template and API Management in Cloud Foundry  please refer: 
	 * Policy Templates:	 
		https://help.sap.com/viewer/66d066d903c2473f81ec33acfe2ccdb4/Cloud/en-US/2ceab71343704de0bfce2145f97c85b1.html
	 * API Management Service in SAP Cloud Foundry: 
		https://help.sap.com/viewer/66d066d903c2473f81ec33acfe2ccdb4/Cloud/en-US/b22df927b1374ff88d062f4dc1d84952.html
	 * Blog on SAP API Management Cloud Foundry:
		https://blogs.sap.com/2017/11/13/manage-your-apis-developed-in-cloud-foundry-using-api-management/
	 *Developing APIs/Microservices in Cloud Foundry and Managing through API Management : 
		https://blogs.sap.com/2018/01/03/developing-apismicroservices-in-cloud-foundry-and-managing-through-api-management/
	</description>
    <proxyEndPointxml>&lt;preFlow&gt;&lt;name&gt;PreFlow&lt;/name&gt;&lt;request&gt;&lt;isRequest&gt;true&lt;/isRequest&gt;&lt;steps&gt;&lt;/steps&gt;&lt;/request&gt;&lt;response&gt;&lt;isRequest&gt;false&lt;/isRequest&gt;&lt;steps&gt;&lt;/steps&gt;&lt;/response&gt;&lt;/preFlow&gt;&lt;postFlow&gt;&lt;name&gt;PostFlow&lt;/name&gt;&lt;request&gt;&lt;isRequest&gt;true&lt;/isRequest&gt;&lt;steps&gt;&lt;/steps&gt;&lt;/request&gt;&lt;response&gt;&lt;isRequest&gt;false&lt;/isRequest&gt;&lt;steps&gt;&lt;/steps&gt;&lt;/response&gt;&lt;/postFlow&gt;</proxyEndPointxml>
    <targetEndPointxml>&lt;preFlow&gt;&lt;name&gt;PreFlow&lt;/name&gt;&lt;request&gt;&lt;isRequest&gt;true&lt;/isRequest&gt;&lt;steps&gt;&lt;step&gt;&lt;policy_name&gt;setcredentials&lt;/policy_name&gt;&lt;condition&gt;lookupcache.readcachedtoken.cachehit = false&lt;/condition&gt;&lt;sequence&gt;3&lt;/sequence&gt;&lt;/step&gt;&lt;step&gt;&lt;policy_name&gt;setAccessToken&lt;/policy_name&gt;&lt;condition&gt; &lt;/condition&gt;&lt;sequence&gt;8&lt;/sequence&gt;&lt;/step&gt;&lt;step&gt;&lt;policy_name&gt;getoauthtoken&lt;/policy_name&gt;&lt;condition&gt;lookupcache.readcachedtoken.cachehit = false&lt;/condition&gt;&lt;sequence&gt;4&lt;/sequence&gt;&lt;/step&gt;&lt;step&gt;&lt;policy_name&gt;readaccesstoken&lt;/policy_name&gt;&lt;condition&gt;lookupcache.readcachedtoken.cachehit = false&lt;/condition&gt;&lt;sequence&gt;6&lt;/sequence&gt;&lt;/step&gt;&lt;step&gt;&lt;policy_name&gt;readcachedtoken&lt;/policy_name&gt;&lt;condition&gt; &lt;/condition&gt;&lt;sequence&gt;1&lt;/sequence&gt;&lt;/step&gt;&lt;step&gt;&lt;policy_name&gt;cacheaccesstoken&lt;/policy_name&gt;&lt;condition&gt;lookupcache.readcachedtoken.cachehit = false&lt;/condition&gt;&lt;sequence&gt;7&lt;/sequence&gt;&lt;/step&gt;&lt;step&gt;&lt;policy_name&gt;raisetokenerror&lt;/policy_name&gt;&lt;condition&gt;lookupcache.readcachedtoken.cachehit = false and sapapim.tokenresponse.status.code != 200&lt;/condition&gt;&lt;sequence&gt;5&lt;/sequence&gt;&lt;/step&gt;&lt;step&gt;&lt;policy_name&gt;getCredentials&lt;/policy_name&gt;&lt;condition&gt;lookupcache.readcachedtoken.cachehit = false&lt;/condition&gt;&lt;sequence&gt;2&lt;/sequence&gt;&lt;/step&gt;&lt;/steps&gt;&lt;/request&gt;&lt;response&gt;&lt;isRequest&gt;false&lt;/isRequest&gt;&lt;steps&gt;&lt;/steps&gt;&lt;/response&gt;&lt;/preFlow&gt;&lt;postFlow&gt;&lt;name&gt;PostFlow&lt;/name&gt;&lt;request&gt;&lt;isRequest&gt;true&lt;/isRequest&gt;&lt;steps&gt;&lt;/steps&gt;&lt;/request&gt;&lt;response&gt;&lt;isRequest&gt;false&lt;/isRequest&gt;&lt;steps&gt;&lt;/steps&gt;&lt;/response&gt;&lt;/postFlow&gt;</targetEndPointxml>
    <policies>
        <policy type="AssignMessage">setAccessToken</policy>
        <policy type="BasicAuth">setcredentials</policy>
        <policy type="PopulateCache">cacheaccesstoken</policy>
        <policy type="Javascript">getCredentials</policy>
        <policy type="ExtractVariable">readaccesstoken</policy>
        <policy type="ServiceCallout">getoauthtoken</policy>
        <policy type="LookupCache">readcachedtoken</policy>
        <policy type="RaiseFault">raisetokenerror</policy>
    </policies>
    <fileResources>
        <fileResource type="js">config</fileResource>
    </fileResources>
</PolicyTemplateContainer>
