<!-- This policy can be used to create or modify the standard HTTP request and response messages -->
<AssignMessage async="false" continueOnError="false" enabled="true" xmlns='http://www.sap.com/apimgmt'>
 
<AssignVariable>
    <Name>sapapim.user</Name>
    <Value>your-user-name</Value>
  </AssignVariable>
  <AssignVariable>
    <Name>sapapim.pass</Name>
    <Value>your-password</Value>
  </AssignVariable>
	<IgnoreUnresolvedVariables>false</IgnoreUnresolvedVariables>
	<AssignTo createNew="false" type="request">request</AssignTo>
</AssignMessage>