<!-- This policy can be used to create or modify the standard HTTP request and response messages -->
<AssignMessage async="false" continueOnError="false" enabled="true" xmlns='http://www.sap.com/apimgmt'>
 <Remove>
      <Headers>
        <Header name="Authorization"/>
        <Header name="Cookie"/>
   </Headers>
  </Remove>
    <Set>
      <Headers>
        <Header name="authorization">SAML2.0 {sapapim.base64SAMLResponse}</Header>
      </Headers>
    </Set>
    <IgnoreUnresolvedVariables>true</IgnoreUnresolvedVariables>
    <AssignTo createNew="false" transport="http" type="request"/>
</AssignMessage>