<ValidateSAMLAssertion async="false" continueOnError="false" enabled="true" ignoreContentType = "true" xmlns="http://www.sap.com/apimgmt">
    <RemoveAssertion>true</RemoveAssertion>
	<Source name="message">
	<Namespaces>
    <Namespace prefix="prot">urn:oasis:names:tc:SAML:2.0:protocol</Namespace>
	<Namespace prefix="ns2">urn:oasis:names:tc:SAML:2.0:assertion</Namespace>
	</Namespaces>
	<XPath>/prot:Response/ns2:Assertion</XPath>
	</Source>
	<TrustStore>samlroot</TrustStore>
</ValidateSAMLAssertion>