<?xml version="1.0" encoding="UTF-8" standalone="yes"?>
<PolicyTemplateContainer>
    <name>SQL-Threat-Protection</name>
    <version>1</version>
	<title>SQL Threat Protection</title>
    <description>SQL injection attacks accounts for large percentage of all the threats, this policy template helps secure APIs against SQL attack. 

			How to use: 
			1) Copy the policy template to your APIPortal 
			2) Open the API and apply copied SQL-Threat-Protection policy template  

			For more information on SAP API Management policy templates and Regular Expression Protection policy please refer:
			* SAP API Policy Templates:				 https://help.sap.com/viewer/66d066d903c2473f81ec33acfe2ccdb4/Cloud/en-US/2ceab71343704de0bfce2145f97c85b1.htm
			* Regular Expression Protection: 
			https://help.hana.ondemand.com/apim_od/frameset.htm?0118f91793b54ad78de0e831c10bd69f.html
			</description>
    <proxyEndPointxml>&lt;preFlow&gt;&lt;name&gt;PreFlow&lt;/name&gt;&lt;request&gt;&lt;isRequest&gt;true&lt;/isRequest&gt;&lt;steps&gt;&lt;step&gt;&lt;policy_name&gt;checksqlthreat&lt;/policy_name&gt;&lt;condition&gt; &lt;/condition&gt;&lt;sequence&gt;1&lt;/sequence&gt;&lt;/step&gt;&lt;step&gt;&lt;policy_name&gt;raisethreaterror&lt;/policy_name&gt;&lt;condition&gt;(regularexpressionprotection.failed = true)&lt;/condition&gt;&lt;sequence&gt;2&lt;/sequence&gt;&lt;/step&gt;&lt;/steps&gt;&lt;/request&gt;&lt;response&gt;&lt;isRequest&gt;false&lt;/isRequest&gt;&lt;steps&gt;&lt;/steps&gt;&lt;/response&gt;&lt;/preFlow&gt;&lt;postFlow&gt;&lt;name&gt;PostFlow&lt;/name&gt;&lt;request&gt;&lt;isRequest&gt;true&lt;/isRequest&gt;&lt;steps&gt;&lt;/steps&gt;&lt;/request&gt;&lt;response&gt;&lt;isRequest&gt;false&lt;/isRequest&gt;&lt;steps&gt;&lt;/steps&gt;&lt;/response&gt;&lt;/postFlow&gt;</proxyEndPointxml>
    <life_cycle>
        <changed_by>I035984</changed_by>
        <created_by>I035984</created_by>
    </life_cycle>
    <targetEndPointxml>&lt;preFlow&gt;&lt;name&gt;PreFlow&lt;/name&gt;&lt;request&gt;&lt;isRequest&gt;true&lt;/isRequest&gt;&lt;steps&gt;&lt;/steps&gt;&lt;/request&gt;&lt;response&gt;&lt;isRequest&gt;false&lt;/isRequest&gt;&lt;steps&gt;&lt;/steps&gt;&lt;/response&gt;&lt;/preFlow&gt;&lt;postFlow&gt;&lt;name&gt;PostFlow&lt;/name&gt;&lt;request&gt;&lt;isRequest&gt;true&lt;/isRequest&gt;&lt;steps&gt;&lt;/steps&gt;&lt;/request&gt;&lt;response&gt;&lt;isRequest&gt;false&lt;/isRequest&gt;&lt;steps&gt;&lt;/steps&gt;&lt;/response&gt;&lt;/postFlow&gt;</targetEndPointxml>
    <policies>
        <policy type="RaiseFault">raisethreaterror</policy>
        <policy type="RegularExpressionProtection">checksqlthreat</policy>
        <policy type="RaiseFault">defaultRaiseFaultPolicy</policy>
    </policies>
    <fileResources/>
</PolicyTemplateContainer>
