<?xml version="1.0" encoding="UTF-8" standalone="yes"?>
<ServiceCallout async="false" continueOnError="false" enabled="true" xmlns="http://www.sap.com/apimgmt">
    <Request clearPayload="true">
        <Set>
            <Payload contentType="application/x-www-form-urlencoded">client_id={sapapim.sf.client_id}&amp;user_id={sapapim.sf.user_id}&amp;token_url={sapapim.sf.token_url}&amp;private_key={sapapim.sf.private_key}</Payload>
            <Verb>POST</Verb>
        </Set>
        <IgnoreUnresolvedVariables>false</IgnoreUnresolvedVariables>
    </Request>
    <Response>sapapim.samlresponse</Response>
    <Timeout>30000</Timeout>
    <HTTPTargetConnection>
        <URL>https://YOUR_SUCCESSFACTORS_DATACENTER/oauth/idp</URL>
    </HTTPTargetConnection>
</ServiceCallout>