<?xml version="1.0" encoding="UTF-8" standalone="yes"?>
<ExtractVariables async="false" continueOnError="false" enabled="true" xmlns="http://www.sap.com/apimgmt">
    <JSONPayload>
        <Variable name="sapapim.sf.accessToken" type="string">
            <JSONPath>$.access_token</JSONPath>
        </Variable>
        <Variable name="sapapim.sf.expiresIn" type="integer">
            <JSONPath>$.expires_in</JSONPath>
        </Variable>
    </JSONPayload>
    <Source>sapapim.tokenresponse</Source>
</ExtractVariables>
