<?xml version="1.0" encoding="UTF-8" standalone="yes"?>
<PolicyTemplateContainer>
    <name>Performance_Traceability</name>
    <version>1</version>
    <title>Performance_Traceability</title>
    <description>How to use: 
1) Copy the policy template to your APIPortal 
2) Open the API and apply copied Performance Traceability policy template
3) Need to Debug API to get performance data, Start Debug and access the API Proxy
4) Following parameters can be found in the policy as variables which will give details of the API Proxy performance 
              
              *proxy_request_receiving_latency : Time request has taken to reach proxy end point
              This variable value can be found in the 'policy proxy_request_receiving_latency'
              
              *Proxyonlyprocessingtime : Time taken by proxy end point to work on the request.
              This vairable value can be found in the policy 'proxy_processing_time'
              
              *target_receiving_request_latency : Time request has taken to reach target end point, this is latency value does not include proxy processing time.
              This variable value can be found in the policy 'targetreceivinglatency'

              *targetprocessingtime: Time taken by target end point(backend system) to work on the request                
              This variable value can be found in the policy target_processing_time              
              
              *proxy__receiving_response_latency : Time response has taken to reach proxy end point, this is latency value does not include target processing time. 
              This variable value can be found in the policy targetreceivinglatency
              
              *ProxyincludingTargetprocessingtime : Time taken by proxy and target end point to work on the request
              This variable value can be found in the policy proxy_processing_time


For more information on API Management policy templates :
Policy Templates:            
https://help.sap.com/viewer/66d066d903c2473f81ec33acfe2ccdb4/Cloud/en-US/2ceab71343704de0bfce2145f97c85b1.html
For more info on Debug API 
https://help.sap.com/viewer/66d066d903c2473f81ec33acfe2ccdb4/Cloud/en-US/fb2c7aa34cdc443294a325ccb7876785.html
</description>
    <proxyEndPointxml>&lt;preFlow&gt;&lt;name&gt;PreFlow&lt;/name&gt;&lt;request&gt;&lt;isRequest&gt;true&lt;/isRequest&gt;&lt;steps&gt;&lt;step&gt;&lt;policy_name&gt;proxy_request_receiving_latency&lt;/policy_name&gt;&lt;condition&gt; &lt;/condition&gt;&lt;sequence&gt;1&lt;/sequence&gt;&lt;/step&gt;&lt;/steps&gt;&lt;/request&gt;&lt;response&gt;&lt;isRequest&gt;false&lt;/isRequest&gt;&lt;steps&gt;&lt;/steps&gt;&lt;/response&gt;&lt;/preFlow&gt;&lt;postFlow&gt;&lt;name&gt;PostFlow&lt;/name&gt;&lt;request&gt;&lt;isRequest&gt;true&lt;/isRequest&gt;&lt;steps&gt;&lt;/steps&gt;&lt;/request&gt;&lt;response&gt;&lt;isRequest&gt;false&lt;/isRequest&gt;&lt;steps&gt;&lt;step&gt;&lt;policy_name&gt;proxy_processing_time&lt;/policy_name&gt;&lt;condition&gt; &lt;/condition&gt;&lt;sequence&gt;1&lt;/sequence&gt;&lt;/step&gt;&lt;/steps&gt;&lt;/response&gt;&lt;/postFlow&gt;</proxyEndPointxml>
    <life_cycle>
        <changed_by>I035984</changed_by>
        <created_by>I035984</created_by>
    </life_cycle>
    <targetEndPointxml>&lt;preFlow&gt;&lt;name&gt;PreFlow&lt;/name&gt;&lt;request&gt;&lt;isRequest&gt;true&lt;/isRequest&gt;&lt;steps&gt;&lt;/steps&gt;&lt;/request&gt;&lt;response&gt;&lt;isRequest&gt;false&lt;/isRequest&gt;&lt;steps&gt;&lt;step&gt;&lt;policy_name&gt;targetreceivinglatency&lt;/policy_name&gt;&lt;condition&gt; &lt;/condition&gt;&lt;sequence&gt;1&lt;/sequence&gt;&lt;/step&gt;&lt;step&gt;&lt;policy_name&gt;target_processing_time&lt;/policy_name&gt;&lt;condition&gt; &lt;/condition&gt;&lt;sequence&gt;2&lt;/sequence&gt;&lt;/step&gt;&lt;/steps&gt;&lt;/response&gt;&lt;/preFlow&gt;&lt;postFlow&gt;&lt;name&gt;PostFlow&lt;/name&gt;&lt;request&gt;&lt;isRequest&gt;true&lt;/isRequest&gt;&lt;steps&gt;&lt;/steps&gt;&lt;/request&gt;&lt;response&gt;&lt;isRequest&gt;false&lt;/isRequest&gt;&lt;steps&gt;&lt;/steps&gt;&lt;/response&gt;&lt;/postFlow&gt;</targetEndPointxml>
    <policies>
        <policy type="Javascript">target_processing_time</policy>
        <policy type="Javascript">proxy_processing_time</policy>
        <policy type="Javascript">proxy_request_receiving_latency</policy>
        <policy type="Javascript">targetreceivinglatency</policy>
    </policies>
    <fileResources>
        <fileResource type="js">target_processing_time</fileResource>
        <fileResource type="js">proxy_processing_time</fileResource>
        <fileResource type="js">proxy_request_receiving_latency</fileResource>
        <fileResource type="js">targetreceivinglatency</fileResource>
    </fileResources>
</PolicyTemplateContainer>
