<ResponseCache async="false" continueOnError="false" enabled="true" xmlns="http://www.sap.com/apimgmt">
	<CacheKey>
		<KeyFragment ref="request.queryparam.cachedata"></KeyFragment>
	</CacheKey>
	<ExpirySettings>
	    <!-- Expiration interval higher as metadata does not change frequently -->
		<TimeoutInSec ref="">604800</TimeoutInSec>
	</ExpirySettings>
	<!-- If cache needs to be invalidated & again refreshed, set the invalidate_cache header value as true then cache lookup is skipped and the cache is refreshed -->
	<SkipCacheLookup>request.header.InvalidateCache = "true"</SkipCacheLookup>
</ResponseCache>