<!-- can be used to create custom messages in case of an error condition   -->
<RaiseFault async="true" continueOnError="false" enabled="true" xmlns="http://www.sap.com/apimgmt">
	<!-- Defines the response message returned to the requesting client -->
	<FaultResponse>
		<Set>
			 <Headers>
                <Header name="Access-Control-Allow-Origin">*</Header>
                <Header name="Access-Control-Allow-Credentials">false</Header>
                <Header name="Access-Control-Allow-Headers">set-cookie, origin, accept, maxdataserviceversion, x-csrf-token, apikey, dataserviceversion, accept-language, x-http-method,content-type,X-Requested-With</Header>
                <Header name="Access-Control-Max-Age">3628800</Header>
                <Header name="Access-Control-Allow-Methods">GET, PUT, POST, DELETE</Header>
                <Header name="Access-Control-Expose-Headers">set-cookie, x-csrf-token, x-http-method</Header>
        </Headers>
			<StatusCode>204</StatusCode>
			<ReasonPhrase>No Response</ReasonPhrase>
		</Set>
	</FaultResponse>
	<IgnoreUnresolvedVariables>true</IgnoreUnresolvedVariables>
</RaiseFault>