<?xml version="1.0" encoding="UTF-8" standalone="yes"?>
<ServiceCallout async="false" continueOnError="false" enabled="true" xmlns="http://www.sap.com/apimgmt">
    <Request clearPayload="true">
        <Set>
            <Payload contentType="application/x-www-form-urlencoded">grant_type=password&amp;username={sapapim.user}&amp;password={sapapim.pass}&amp;client_id={sapapim.clientId}&amp;client_secret={sapapim.secret}</Payload>
            <Verb>POST</Verb>
        </Set>
        <IgnoreUnresolvedVariables>false</IgnoreUnresolvedVariables>
    </Request>
    <Response>sapapim.tokenresponse</Response>
    <Timeout>30000</Timeout>
    <HTTPTargetConnection>
        <URL>https://Cocnur_Token_Generation_Endpoint_URL</URL>
    </HTTPTargetConnection>
</ServiceCallout>
