{
  "projectType": [
    "sap.watt.uitools.ide.fiori",
    "com.watt.common.builder.sapui5clientbuild"
  ],
  "build": {
    "targetFolder": "dist",
    "sourceFolder": "webapp",
    "buildRequired": true,
    "lastBuildDateTime": "Wed, 31 Aug 2016 09:39:41 GMT"
  },
  "generation": [
    {
      "templateId": "ui5template.basicSAPUI5ApplicationProject",
      "templateVersion": "1.32.0",
      "dateTimeStamp": "Fri, 24 Jun 2016 14:28:15 GMT"
    }
  ],
  "translation": {
    "translationDomain": "",
    "supportedLanguages": "en,fr,de",
    "defaultLanguage": "en",
    "defaultI18NPropertyFile": "i18n.properties",
    "resourceModelName": "i18n"
  },
  "basevalidator": {
    "services": {
      "js": "fioriJsValidator",
      "xml": "fioriXmlAnalysis"
    }
  },
  "codeCheckingTriggers": {
    "notifyBeforePush": true,
    "notifyBeforePushLevel": "Error",
    "blockPush": false,
    "blockPushLevel": "Error"
  },
  "hcpdeploy": {
    "account": "aa67ec60c",
    "name": "sapapimsamples",
    "lastVersionWeTriedToDeploy": "1.0.2"
  }
}